,region,desc_senti_score_median,desc_sub_score_median,res_senti_score_median,res_sub_score_median,desc_senti_score_mean,desc_sub_score_mean,res_senti_score_mean,res_sub_score_mean,desc_senti_score_min,desc_sub_score_min,res_senti_score_min,res_sub_score_min,desc_senti_score_max,desc_sub_score_max,res_senti_score_max,res_sub_score_max,intervention_type_Awareness_count,intervention_type_Transparency_count,intervention_type_Assessment_count,intervention_type_Accountability_count,intervention_type_Participation_count,intervention_type_Enforcement_count,intervention_type_Study_count,intervention_type_Citizen_Media_Business_Engagement_Participation_count
0,East Asia and Pacific (EAP),0.0,0.432083333,0.0,0.38771645,0.010961862892857136,0.42539115380357134,0.03480336014285714,0.3736779597857144,-0.5,0.0,-0.26666666699999997,0.0,0.66,1.0,0.6571428570000001,0.8666666670000001,19,33,6.0,34,20,9.0,1.0,0.0
1,Europe and Eurasia (E&E),0.0,0.34166666700000003,0.0,0.3,0.025561066246376815,0.37160716744927536,-0.007075336434782606,0.3162131241304348,-0.5,0.0,-0.3,0.0,0.5,1.0,0.53,0.8666666670000001,15,44,2.0,39,17,19.0,0.0,0.0
2,Global,-0.09688552199999999,0.31759259300000003,0.15,0.5,-0.09688552199999999,0.31759259300000003,0.15,0.5,-0.09688552199999999,0.31759259300000003,0.15,0.5,-0.09688552199999999,0.31759259300000003,0.15,0.5,3,2,0.0,1,2,0.0,1.0,0.0
3,Latin America and Caribbean (LAC),0.0,0.233333333,0.011111111000000002,0.295,-0.03842538134693878,0.34256341442857124,0.04065323424489796,0.27925328971428565,-0.8,0.0,-0.333333333,0.0,0.7,1.0,0.4,0.688888889,21,35,1.0,32,19,5.0,0.0,0.0
4,Middle East and North Africa (MENA),0.078571429,0.241666667,0.0,0.3,0.08224672200000001,0.3088491819215686,0.02635472705882353,0.31969681743137257,-0.5,0.0,-0.533333333,0.0,0.8,1.0,0.6,0.808333333,13,29,1.0,24,24,5.0,0.0,1.0
5,South and Central Asia (SCA),0.0,0.23,0.04,0.36529304,0.02624368964912281,0.2697635159298245,0.09567787010526317,0.36900524442105265,-0.5,0.0,-0.5,0.0,0.571428571,1.0,0.9,1.0,25,30,5.0,28,32,1.0,1.0,0.0
6,Sub-Saharan Africa (SSA),0.0033333334999999997,0.353333333,0.0,0.3450396825,0.011358731125,0.38667021040625,-0.003673678093749997,0.3829486351875,-0.5,0.0,-0.8,0.0,0.6333333329999999,1.0,0.7,1.0,11,18,3.0,20,17,3.0,0.0,0.0
